sku,un_bx
01240,60
011019,60
014741,60
014384,60
016715,60
015345,60
015931,60
015992,60
016782,60
016773,60
014542,60
016801,60
016812,60
016811,60
016802,60
016803,60
016800,60
015365,60
015358,60
015350,60
015349,60
011603,60
015944,60
015945,60
015946,60
015947,60
016753,60
016004,48
015938,48
014796,48
016678,48
016724,48
014323,48
011883,48
016783,48
016807,48
01709,60
014775,60
014734,60
014762,60
015993,60
011262,60
011263,60
011861,60
015296,60
015281,60
015921,60
015301,60
012536,60
012537,60
015282,60
015286,60
015290,60
016806,60
016799,60
015308,60
015288,60
015287,60
015302,60
01706,60
014733,60
016718,60
016719,60
016720,60
016721,60
01707,60
011028,60
011950,60
016657,48
016785,48
015936,48
014268,48
015939,48
014269,48
016784,48
016674,48
016673,48
016786,48
016787,48
016809,48
016810,48
016672,48
014271,48
016752,36
016751,36
016677,36
016676,36
014270,36
016750,36
016749,36
016700,36
016675,36
015933,36
014277,36
016764,48
016765,48
011253,1
014844,1
011254,1
014843,1
014429,36
014649,36
011500,36
015737,12
013924,12
014410,12
015750,12
015751,12
013888,36
012230,120
014945,120
014949,120
014467,120
015104,120
015100,120
015101,120
015102,120
014899,120
014845,120
014861,120
014946,120
014411,120
015113,120
015119,120
015022,120
013860,120
013861,120
013985,120
015046,120
015047,120
015048,120
014852,120
014853,120
014854,120
014932,120
014933,120
014934,120
014935,120
014929,120
014928,120
014478,120
014479,120
014480,120
015056,120
015058,120
015060,120
014846,120
014847,120
014848,120
015093,120
015116,120
015026,120
015019,120
012232,60
015472,1
015473,1
014647,1
016287,12
016288,12
016289,12
016211,12
016341,12
016358,12
016311,12
016316,12
015955,12
016682,12
015954,12
016681,12
MA001,18
MA002,12
MA003,18
MA004,12
014850,400
014851,400
016725,24
016726,24
016727,24
016755,24
016757,24
016758,24
016759,24
016805,24
016706,36
016708,36
016756,24
016760,24
016761,24
016762,24
016768,36
016769,36
016770,36
016771,36
016743,48
016744,48
016745,48
016746,48
016763,18
014375,36
016766,24
016729,50
016788,50
016730,50
016737,50
016738,50
016739,50
016747,36
016748,36
016791,36
016793,36
016778,120
016780,120
016777,120
016779,120
016781,120
14208,60
14209,60
14210,60
14211,60
14202,60
14203,60
14068,1
14054,1
14055,1
14059,1
14060,1
02210,25
02211,50
02204,100
02212,100
02182,25
02213,25
02192,48
02191,48
02169,18
02196,36
08030,50
78455,50
08032,50
78456,50
03108,50
03157,50
03439,50
03153,50
03183,50
03466,50
03113,50
03464,50
03291,50
03156,50
03109,50
03155,50
03154,50
03110,50
03112,50
03290,50
03467,50
03465,50
03114,50
03382,50
03438,50
03469,50
03385,50
03472,50
03435,50
03468,50
03474,50
03391,50
03383,50
03390,50
03381,50
03470,50
03473,50
03437,50
03436,50
03471,50
03084,100
03521,100
03087,100
03094,100
03085,100
03086,100
03179,100
03088,100
03091,100
03089,100
03092,100
03093,100
03095,100
03384,100
03292,100
03337,100
03340,100
03338,100
03463,100
03339,100
03293,100
03461,100
03522,100
03096,50
03107,50
03077,100
03283,100
03284,100
03446,100
03075,100
03081,100
78029,100
78030,100
03080,100
78028,100
78314,100
78312,100
78098,100
78343,100
78434,100
78508,100
78449,100
78510,100
78506,100
78063,100
78315,100
78313,100
78095,100
78344,100
78435,100
78509,100
78450,100
78511,100
78507,100
78062,100
78111,120
78113,120
78114,120
78112,120
78264,120
78109,120
78333,120
78336,120
78438,120
78362,120
78479,120
78108,120
78088,120
78453,120
78090,120
78480,120
78446,120
78485,24
78431,24
78487,24
78433,24
78432,24
77125,288
77145,144
77128,72
77129,24
77147,18
77265,144
77266,72
77267,24
77268,18
77146,144
77148,144
77127,144
77246,144
77248,144
77247,144
76058,144
76053,144
76059,144
76061,288
76056,144
76057,144
76124,144
76228,144
76230,288
76125,144
76126,144
76127,144
77130,72
77131,72
77132,36
77262,72
77263,24
77264,12
77142,60
77249,48
77134,120
77133,60
77136,60
77250,576
77251,576
77252,576
77253,576
77254,576
77255,576
77004,576
77054,576
77055,576
77056,576
77057,576
77058,576
77059,576
77060,576
77061,576
77062,576
77063,576
77244,72
77135,72
76223,96
76224,96
76092,96
76091,192
76189,192
76190,192
76188,192
76123,192
76196,192
76197,192
76089,96
76090,48
76198,24
76194,192
76192,192
76191,192
76195,192
76193,96
76234,72
76233,144
76236,72
76235,144
76238,72
76237,144
76240,72
76239,144
76242,72
76241,144
76244,72
76243,144
76246,72
76245,144
76248,72
76247,144
76095,96
76096,96
76121,144
76122,192
76119,144
76120,96
76093,96
76094,96
76142,96
76143,96
76227,96
76225,48
76226,48
79102,50
79101,50
79112,50
79110,144
79108,144
79107,144
79105,144
79091,72
79062,120
79063,30
79135,36
79160,24
79136,36
79162,24
79163,24
79159,24
79161,24
79137,20
79066,36
79138,40
79134,36
79092,60
79125,60
79065,36
79064,36
79080,36
79086,36
79081,36
79094,48
77137,288
77138,144
09008,72
09009,72
09010,72
09011,72
77158,36
77167,360
77166,360
77165,360
77164,360
77160,360
77168,360
77161,360
77162,360
77163,360
77156,12
77155,12
77151,12
77153,12
77149,12
77154,12
77157,12
77150,12
77152,12
77216,12
77215,12
77217,12
77219,12
14190,12
14191,12
14186,12
14187,12
14188,24
14198,24
14189,24
14213,24
14217,48
14216,48
14214,48
14215,48
14218,24
14219,24
14223,24
14224,24
14201,24
14222,6
14196,24
14197,24
14199,24
14200,24
14227,24
14228,24
14226,24
14225,24
14194,12
14195,12
14220,12
14221,12
14192,48
72008,288
72007,384
72006,384
72033,288
72034,384
72035,384
72010,144
72009,144
72045,36
72015,72
72014,192
72013,576
72029,12
72028,24
72027,48
72017,72
79118,144
79017,120
79014,120
79088,120
79057,120
79127,120
79126,120
79015,120
79122,120
79016,120
79044,144
79152,144
79150,144
79151,144
79148,144
79149,144
79025,144
79023,144
79117,144
79116,144
79026,144
79024,144
79050,144
79045,144
79089,144
79090,144
79043,144
79049,144
79146,144
79147,144
79077,96
79076,96
79047,120
79042,120
76114,576
76147,576
76149,576
75029,1000
75030,500
75031,1000
75032,500
75026,500
75027,500
75033,400
75034,200
75035,100
75036,100
75038,500
75042,500
75039,200
75040,120
75037,200
75041,120
79139,12
79140,12
79141,12
79142,12
79143,12
79144,12
79165,144
79166,144
77030,200
77031,200
77032,200
77033,200
77034,200
77035,200
76151,200
76156,200
76153,200
76152,200
76154,200
76155,200
76261,200
76259,200
76258,200
76262,200
76260,200
76263,200
76211,1152
76212,1152
76213,1152
76214,1152
76219,576
76220,576
76221,576
76179,576
76222,576
76168,576
76170,576
76171,576
76169,576
76163,120
76287,144
11015,96
11016,96
11017,96
11018,96
11013,48
11014,48
11019,48
11020,48
11021,96
11022,96
11023,96
11024,96
11047,400
11048,100
11010,72
11009,72
11011,288
11030,48
11012,72
11035,500
11036,500
11038,300
11039,240
11040,120
11041,120
11042,60
11043,100
11044,50
11045,30
11046,100
11051,500
78339,24
78338,24
78340,24
78272,24
78269,24
78270,24
78271,24
78268,24
78273,24
78408,24
78406,24
78405,24
78407,24
78223,24
78484,24
78222,24
78483,24
78196,60
04058,12
04059,12
78046,30
78044,30
78045,30
04051,24
04052,24
04050,24
04055,24
04057,24
04056,24
04061,12
04062,12
04060,12
04064,12
04065,12
04063,12
07036,6
07035,6
07033,6
07034,6
07030,24
04048,24
04049,24
07041,24
07042,24
07043,24
07044,24
07045,24
07058,24
78116,72
78117,72
78118,36
78119,36
78463,72
78464,72
78465,72
78466,72
78467,48
78468,48
78469,48
78470,48
78471,36
78472,36
78473,36
78474,36
78277,120
78278,96
78274,240
78275,240
78276,240
78316,240
78306,72
78206,64
78475,48
78202,96
78115,40
78203,48
78204,48
78461,48
78462,48
03001,10
03006,10
78260,120
78261,120
78262,120
78263,120
78307,160
78200,280
78279,360
78207,240
78311,720
78310,720
78308,720
78309,720
78476,720
78477,720
78478,720
78402,600
06180,5
06171,5
06170,5
06168,5
78496,10
78499,10
78498,10
78502,10
78497,10
78501,10
78500,10
78503,10
78504,10
78505,10
06053,5
06037,5
06041,5
06042,5
06038,5
06040,5
06039,5
06043,5
06048,5
06096,5
06052,5
06080,5
06081,5
06085,5
06086,5
06082,5
06084,5
06083,5
06087,5
06089,5
06101,5
02193,25
02195,50
02187,100
08033,40
78457,40
08034,40
78458,40
03117,100
03386,100
06142,5
06143,5
06144,5
06145,5
06146,5
06147,5
06148,5
06151,5
06152,5
06153,5
79104,240
79103,240
79109,240
79119,180
79115,144
79130,144
79131,144
79155,144
79157,144
79158,144
79114,144
79060,144
79061,144
79087,144
79084,144
79085,144
79093,144
79120,144
79129,144
79132,144
79133,144
79154,144
79156,144
79095,144
76128,288
76148,144
76150,144
76136,144
76229,144
76137,144
76138,144
76141,144
76231,144
76139,144
76140,144
76129,144
76164,192
76105,192
76165,192
76106,192
76166,192
76107,192
76167,192
76215,192
76173,192
76216,192
76174,192
76217,192
76175,192
76218,192
76207,192
76208,192
76112,192
76209,192
76110,192
76210,192
76098,192
76157,192
76099,192
76158,192
76100,192
76159,192
76160,192
76161,192
76103,192
76162,192
76264,192
76265,192
76266,192
76267,192
76268,192
76269,192
72030,144
72036,144
72031,144
72037,144
72032,144
77256,144
77257,144
77258,144
77259,144
77260,144
77261,144
85005,30
85007,80
85768,80
85008,50
85801,200
85163,120
85164,120
85770,240
85868,200
85871,240
85166,60
85172,120
85171,120
85174,120
85175,120
85179,120
85180,120
85183,120
85889,120
85185,120
85187,120
85623,60
85823,120
85824,120
85190,120
85192,120
85194,120
85887,72
85196,120
85173,120
85167,120
85863,144
85168,120
85861,128
85870,120
85206,240
85207,120
85205,240
85208,240
85209,240
85210,240
85890,240
85212,480
85213,240
85214,800
85216,240
85877,120
85886,120
85885,120
85218,10
85220,60
85226,20
85229,720
85230,120
85700,120
85231,720
85234,240
85235,120
85236,240
85238,240
85654,240
85239,240
85240,60
85864,60
85849,120
85701,240
85243,240
85241,240
85244,240
85245,240
85247,480
85248,240
85249,240
85250,240
85779,240
85831,600
85880,120
85866,120
85869,60
85822,20
85288,40
85696,40
85694,40
85695,40
85697,40
85693,40
85304,20
85305,20
85356,100
85380,10
85821,10
85379,2
85374,6
85384,120
85385,120
85401,10
85395,5
85397,5
85881,6
85882,6
85883,6
85884,6
85595,200
85602,56
85186,120
85191,120
85669,18
85828,6
85286,54
85619,10
85024,12
85028,12
85645,5
85036,800
85064,5
85066,5
85662,10
85707,10
85714,10
85068,6
85072,6
85798,40
85085,4
85086,1
85789,4
85790,4
85794,4
85855,1
85111,60
85736,60
85738,60
85739,60
85740,60
85741,60
85742,60
85124,30
85125,40
85128,63
85134,10
85135,40
85136,60
85140,6
85141,18
85142,8
85744,30
85769,2
85751,5
85752,5
85753,5
85754,5
85820,20
85195,240
85655,120
85667,60
85809,120
85810,72
85848,60
85867,120
85878,72
85219,20
85221,100
85222,5
85223,10
85224,20
85225,20
85799,24
85237,240
85242,240
85246,480
85668,120
85771,240
85813,240
85830,480
85572,120
85573,120
85574,120
85291,12
85355,12
85360,30
85353,12
85373,6
85376,1
85377,20
85378,20
85382,20
85383,56
85419,50
85698,50
85699,50
85872,50
85873,50
85599,50
85597,100
85598,60
85605,100
85609,80
